{"cameraMode":{"drawMode":0,"name":"Shaded","section":"Shading Mode"},"sceneLighting":true,"audioPlay":false,"sceneViewState":{"showFog":true,"showMaterialUpdate":false,"showSkybox":false,"showFlares":true,"showImageEffects":true,"showParticleSystems":true},"in2DMode":false,"pivot":{"x":-30.688016891479493,"y":24.572607040405275,"z":0.4166663587093353},"rotation":{"x":0.13024429976940156,"y":0.05351008102297783,"z":-0.0070338184013962749,"w":0.9900197386741638},"size":9.124224662780762,"orthographic":false}